topic,fact_part_1,fact_part_2
Social Media,Are you tired of short battery earbuds?,These last 48 hours with noise cancelling!
Email Marketing,Want to build Minecraft worlds?,This LEGO set brings it to life for kids!
SEO,Looking for safe toys for kids?,These antibacterial magnetic tiles inhibit bacteria!
Instagram,Need hydrating skincare?,This Tatcha set is a $119 value for dewy skin!
Facebook Ads,Love Pok√©mon adventures?,Legends: Arceus is an open-world RPG!
Twitter,Ready for epic Zelda quests?,Tears of the Kingdom has amazing new mechanics!
LinkedIn,Want sports fun on Switch?,Nintendo Switch Sports uses motion controls!
PPC,Need a colorful console?,This Switch with neon Joy-Con is versatile!
Content Marketing,Party with Mario friends?,Superstars has classic boards and mini-games!
Influencer Marketing,Sonic speed fan?,This double pack includes Mania and Racing!
TikTok,Shadow the Hedgehog lover?,Generations mixes modern and classic gameplay!
Pinterest,Star Wars collector?,This heritage pack has epic stories!
YouTube,Want the latest PS5?,The slim digital edition is powerful!
Snapchat,Need extra controllers?,These light blue/red Joy-Con fit perfectly!
WhatsApp Marketing,Track your fitness daily?,This smartwatch has 120+ sport modes!